USE ORDER_MODULE;

-- Insert data into SPL_ORDER
INSERT INTO SPL_ORDER (ORDER_ID, CUSTOMER_ID, ORDER_DATE, SALER_ID, ORDER_STATUS, TOTAL_AMOUNT, CREATE_TIME, UPD_TIME)
VALUES
(1001, 5001, '2024-10-01 10:30:00', 101, 1, 150.50, '2024-10-01 10:30:00', '2024-10-01 10:30:00'),
(1002, 5002, '2024-10-02 14:45:00', 102, 2, 275.75, '2024-10-02 14:45:00', '2024-10-03 09:15:00'),
(1003, 5003, '2024-10-03 09:15:00', 103, 0, 50.25, '2024-10-03 09:15:00', '2024-10-03 09:15:00'),
(1004, 5004, '2024-10-04 16:20:00', 104, 3, 420.00, '2024-10-04 16:20:00', '2024-10-06 11:30:00'),
(1005, 5005, '2024-10-05 11:00:00', 105, 4, 80.99, '2024-10-05 11:00:00', '2024-10-05 14:30:00');

-- Insert data into ORDER_DETAIL
INSERT INTO ORDER_DETAIL (ORDER_DETAIL_ID, ORDER_ID, PRODUCT_ID, PRODUCT_QUANTITY, UNIT_PRICE)
VALUES
(2001, 1001, 301, 2, 75.25),
(2002, 1002, 302, 1, 275.75),
(2003, 1003, 303, 1, 50.25),
(2004, 1004, 304, 3, 140.00),
(2005, 1005, 305, 1, 80.99);

-- Insert data into ORDER_EVAL
INSERT INTO ORDER_EVAL (ORDER_EVAL_ID, ORDER_ID, RATING, ORDER_EVAL_COMMENT, EVAL_DATE)
VALUES
(3001, '1001', 5, 'Excellent service and product quality!', '2024-10-03 15:30:00'),
(3002, '1002', 4, 'Good overall, but shipping was a bit slow.', '2024-10-05 10:45:00'),
(3003, '1004', 5, 'Very satisfied with my purchase.', '2024-10-07 14:20:00');

-- Insert data into RETURN_RECORD
INSERT INTO RETURN_RECORD (RETURN_RECORD_ID, ORDER_ID, RETURN_DATE, RETURN_REASON, RETURN_STATUS)
VALUES
(4001, 1005, '2024-10-06 09:00:00', 'Item not as described', 1),
(4002, 1002, '2024-10-07 11:30:00', 'Changed my mind', 0);